year,month,gov_gop,sen_gop,rep_gop,gov_dem,sen_dem,rep_dem,president,close,unemployment
1947,January,23,51,253,23,45,198,dem,NA,NA
1947,February,23,51,253,23,45,198,dem,NA,NA
1947,March,23,51,253,23,45,198,dem,NA,NA
1947,April,23,51,253,23,45,198,dem,NA,NA
1947,May,23,51,253,23,45,198,dem,NA,NA
1947,June,23,51,253,23,45,198,dem,NA,NA
1947,July,23,51,253,23,45,198,dem,NA,NA
1947,August,23,51,253,23,45,198,dem,NA,NA
1947,September,23,51,253,23,45,198,dem,NA,NA
1947,October,23,51,253,23,45,198,dem,NA,NA
1947,November,24,51,253,23,45,198,dem,NA,NA
1947,December,24,51,253,23,45,198,dem,NA,NA
1948,January,22,53,253,24,48,198,dem,NA,3.4
1948,February,22,53,253,24,48,198,dem,NA,3.8
1948,March,22,53,253,24,48,198,dem,NA,4
1948,April,22,53,253,24,48,198,dem,NA,3.9
1948,May,22,53,253,24,48,198,dem,NA,3.5
1948,June,22,53,253,24,48,198,dem,NA,3.6
1948,July,22,53,253,24,48,198,dem,NA,3.6
1948,August,22,53,253,24,48,198,dem,NA,3.9
1948,September,22,53,253,24,48,198,dem,NA,3.8
1948,October,22,53,253,24,48,198,dem,NA,3.7
1948,November,22,53,253,24,48,198,dem,NA,3.8
1948,December,22,53,253,24,48,198,dem,NA,4
1949,January,18,45,177,29,58,269,dem,NA,4.3
1949,February,18,45,177,29,58,269,dem,NA,4.7
1949,March,18,45,177,29,58,269,dem,NA,5
1949,April,18,45,177,29,58,269,dem,NA,5.3
1949,May,18,45,177,29,58,269,dem,NA,6.1
1949,June,18,45,177,29,58,269,dem,NA,6.2
1949,July,18,45,177,30,58,269,dem,NA,6.7
1949,August,18,45,177,30,58,269,dem,NA,6.8
1949,September,18,45,177,30,58,269,dem,NA,6.6
1949,October,18,45,177,30,58,269,dem,NA,7.9
1949,November,18,45,177,30,58,269,dem,NA,6.4
1949,December,18,45,177,30,58,269,dem,NA,6.6
1950,January,18,44,177,29,57,269,dem,NA,6.5
1950,February,18,44,177,29,57,269,dem,NA,6.4
1950,March,18,44,177,29,57,269,dem,NA,6.3
1950,April,18,44,177,29,57,269,dem,NA,5.8
1950,May,18,44,177,29,57,269,dem,NA,5.5
1950,June,18,44,177,29,57,269,dem,NA,5.4
1950,July,18,44,177,29,57,269,dem,NA,5
1950,August,18,44,177,29,57,269,dem,NA,4.5
1950,September,18,44,177,29,57,269,dem,NA,4.4
1950,October,18,44,177,29,57,269,dem,NA,4.2
1950,November,18,44,177,29,57,269,dem,NA,4.2
1950,December,18,44,177,29,57,269,dem,NA,4.3
1951,January,24,47,207,22,51,242,dem,NA,3.7
1951,February,24,47,207,22,51,242,dem,NA,3.4
1951,March,24,47,207,22,51,242,dem,NA,3.4
1951,April,24,47,207,22,51,242,dem,NA,3.1
1951,May,24,47,207,22,51,242,dem,NA,3
1951,June,24,47,207,22,51,242,dem,NA,3.2
1951,July,24,47,207,22,51,242,dem,NA,3.1
1951,August,24,47,207,22,51,242,dem,NA,3.1
1951,September,24,47,207,22,51,242,dem,NA,3.3
1951,October,25,47,207,22,51,242,dem,NA,3.5
1951,November,25,47,207,22,51,242,dem,NA,3.5
1951,December,25,47,207,22,51,242,dem,NA,3.1
1952,January,24,50,207,22,50,242,dem,NA,3.2
1952,February,24,50,207,22,50,242,dem,NA,3.1
1952,March,24,50,207,22,50,242,dem,NA,2.9
1952,April,24,50,207,22,50,242,dem,NA,2.9
1952,May,24,50,207,22,50,242,dem,NA,3
1952,June,24,50,207,22,50,242,dem,NA,3
1952,July,24,50,207,22,50,242,dem,NA,3.2
1952,August,24,50,207,22,50,242,dem,NA,3.4
1952,September,24,50,207,22,50,242,dem,NA,3.1
1952,October,24,50,207,22,50,242,dem,NA,3
1952,November,24,50,207,22,50,242,dem,NA,2.8
1952,December,24,50,207,22,50,242,dem,NA,2.7
1953,January,29,50,222,17,49,220,gop,NA,2.9
1953,February,29,50,222,17,49,220,gop,NA,2.6
1953,March,29,50,222,17,49,220,gop,NA,2.6
1953,April,29,50,222,17,49,220,gop,NA,2.7
1953,May,29,50,222,17,49,220,gop,NA,2.5
1953,June,29,50,222,17,49,220,gop,NA,2.5
1953,July,29,50,222,17,49,220,gop,NA,2.6
1953,August,29,50,222,17,49,220,gop,NA,2.7
1953,September,29,50,222,17,49,220,gop,NA,2.9
1953,October,30,50,222,18,49,220,gop,NA,3.1
1953,November,30,50,222,18,49,220,gop,NA,3.5
1953,December,30,50,222,18,49,220,gop,NA,4.5
1954,January,29,55,222,18,53,220,gop,NA,4.9
1954,February,29,55,222,18,53,220,gop,NA,5.2
1954,March,29,55,222,18,53,220,gop,NA,5.7
1954,April,29,55,222,18,53,220,gop,NA,5.9
1954,May,29,55,222,18,53,220,gop,NA,5.9
1954,June,29,55,222,18,53,220,gop,NA,5.6
1954,July,29,55,222,18,53,220,gop,NA,5.8
1954,August,29,55,222,18,53,220,gop,NA,6
1954,September,29,55,222,18,53,220,gop,NA,6.1
1954,October,29,55,222,18,53,220,gop,NA,5.7
1954,November,29,55,222,19,53,220,gop,NA,5.3
1954,December,29,55,222,19,53,220,gop,NA,5
1955,January,21,47,204,26,48,237,gop,NA,4.9
1955,February,21,47,204,26,48,237,gop,NA,4.7
1955,March,21,47,204,26,48,237,gop,NA,4.6
1955,April,21,47,204,26,48,237,gop,NA,4.7
1955,May,21,47,204,26,48,237,gop,NA,4.3
1955,June,21,47,204,26,48,237,gop,NA,4.2
1955,July,21,47,204,26,48,237,gop,NA,4
1955,August,21,47,204,26,48,237,gop,NA,4.2
1955,September,21,47,204,26,48,237,gop,NA,4.1
1955,October,21,47,204,26,48,237,gop,NA,4.3
1955,November,21,47,204,26,48,237,gop,NA,4.2
1955,December,21,47,204,26,48,237,gop,NA,4.2
1956,January,21,49,204,26,51,237,gop,NA,4
1956,February,21,49,204,26,51,237,gop,NA,3.9
1956,March,21,49,204,26,51,237,gop,NA,4.2
1956,April,21,49,204,26,50,237,gop,NA,4
1956,May,21,49,204,26,50,237,gop,NA,4.3
1956,June,21,49,204,26,50,237,gop,NA,4.3
1956,July,21,49,204,26,50,237,gop,NA,4.4
1956,August,21,49,204,26,50,237,gop,NA,4.1
1956,September,21,49,204,26,50,237,gop,NA,3.9
1956,October,21,49,204,26,50,237,gop,NA,3.9
1956,November,21,49,204,26,51,237,gop,NA,4.3
1956,December,21,49,204,26,51,237,gop,NA,4.2
1957,January,19,47,203,28,52,242,gop,NA,4.2
1957,February,19,47,203,28,52,242,gop,NA,3.9
1957,March,19,47,203,28,52,242,gop,NA,3.7
1957,April,19,47,203,28,52,242,gop,NA,3.9
1957,May,19,47,203,28,52,242,gop,NA,4.1
1957,June,19,47,203,28,52,242,gop,NA,4.3
1957,July,19,47,203,28,52,242,gop,NA,4.2
1957,August,19,47,203,28,52,242,gop,NA,4.1
1957,September,20,47,203,28,52,242,gop,NA,4.4
1957,October,20,47,203,28,52,242,gop,NA,4.5
1957,November,20,47,203,28,52,242,gop,NA,5.1
1957,December,20,47,203,28,52,242,gop,NA,5.2
1958,January,20,47,203,28,52,242,gop,NA,5.8
1958,February,20,47,203,28,52,242,gop,NA,6.4
1958,March,20,47,203,28,52,242,gop,NA,6.7
1958,April,20,47,203,28,52,242,gop,NA,7.4
1958,May,20,47,203,28,52,242,gop,NA,7.4
1958,June,20,47,203,28,52,242,gop,NA,7.3
1958,July,20,47,203,28,52,242,gop,NA,7.5
1958,August,20,47,203,28,52,242,gop,NA,7.4
1958,September,20,47,203,28,52,242,gop,NA,7.1
1958,October,20,47,203,28,52,242,gop,NA,6.7
1958,November,20,47,203,28,52,242,gop,NA,6.2
1958,December,20,47,203,28,52,242,gop,NA,6.2
1959,January,15,35,159,35,65,289,gop,NA,6
1959,February,15,35,159,35,65,289,gop,NA,5.9
1959,March,15,35,159,35,65,289,gop,NA,5.6
1959,April,15,35,159,35,65,289,gop,NA,5.2
1959,May,15,35,159,35,65,289,gop,NA,5.1
1959,June,15,35,159,35,65,289,gop,NA,5
1959,July,15,35,159,35,65,289,gop,NA,5.1
1959,August,15,35,159,35,65,289,gop,NA,5.2
1959,September,15,35,159,35,65,289,gop,NA,5.5
1959,October,15,35,159,35,65,289,gop,NA,5.7
1959,November,15,35,159,35,65,289,gop,NA,5.8
1959,December,15,35,159,35,65,289,gop,NA,5.3
1960,January,16,35,159,34,70,289,gop,NA,5.2
1960,February,16,35,159,34,70,289,gop,NA,4.8
1960,March,16,35,159,34,70,289,gop,NA,5.4
1960,April,16,35,159,34,70,289,gop,NA,5.2
1960,May,16,35,159,34,70,289,gop,NA,5.1
1960,June,16,35,159,34,70,289,gop,NA,5.4
1960,July,16,35,159,34,70,289,gop,NA,5.5
1960,August,16,35,159,34,70,289,gop,NA,5.6
1960,September,17,35,159,34,70,289,gop,NA,5.5
1960,October,17,35,159,34,70,289,gop,NA,6.1
1960,November,17,35,159,34,70,289,gop,NA,6.1
1960,December,17,35,159,34,70,289,gop,NA,6.6
1961,January,16,37,176,34,64,273,dem,NA,6.6
1961,February,16,37,176,34,64,273,dem,NA,6.9
1961,March,16,37,176,34,64,273,dem,NA,6.9
1961,April,16,37,176,34,64,273,dem,NA,7
1961,May,16,37,176,34,64,273,dem,NA,7.1
1961,June,16,37,176,34,64,273,dem,NA,6.9
1961,July,16,37,176,34,64,273,dem,NA,7
1961,August,16,37,176,34,64,273,dem,NA,6.6
1961,September,16,37,176,34,64,273,dem,NA,6.7
1961,October,16,37,176,34,64,273,dem,NA,6.5
1961,November,16,37,176,34,64,273,dem,NA,6.1
1961,December,16,37,176,34,64,273,dem,NA,6
1962,January,16,42,176,34,65,273,dem,NA,5.8
1962,February,16,42,176,34,65,273,dem,NA,5.5
1962,March,16,42,176,34,65,273,dem,NA,5.6
1962,April,16,42,176,34,65,273,dem,NA,5.6
1962,May,16,42,176,34,65,273,dem,NA,5.5
1962,June,16,42,176,34,65,273,dem,NA,5.5
1962,July,16,42,176,34,65,273,dem,NA,5.4
1962,August,16,42,176,34,65,273,dem,NA,5.7
1962,September,16,42,176,34,65,273,dem,NA,5.6
1962,October,16,42,176,34,65,273,dem,NA,5.4
1962,November,16,42,176,34,65,273,dem,NA,5.7
1962,December,16,42,176,34,65,273,dem,NA,5.5
1963,January,17,34,182,33,68,262,dem,NA,5.7
1963,February,17,34,182,33,68,262,dem,NA,5.9
1963,March,16,34,182,34,68,262,dem,NA,5.7
1963,April,16,34,182,34,68,262,dem,NA,5.7
1963,May,16,34,182,34,68,262,dem,NA,5.9
1963,June,16,34,182,34,68,262,dem,NA,5.6
1963,July,16,34,182,34,68,262,dem,NA,5.6
1963,August,16,34,182,34,68,262,dem,NA,5.4
1963,September,16,34,182,34,68,262,dem,NA,5.5
1963,October,16,34,182,34,68,262,dem,NA,5.5
1963,November,16,34,182,34,68,262,dem,NA,5.7
1963,December,16,34,182,34,68,262,dem,NA,5.5
1964,January,16,34,182,34,71,262,dem,NA,5.6
1964,February,16,34,182,34,71,262,dem,NA,5.4
1964,March,16,34,182,34,71,262,dem,NA,5.4
1964,April,16,34,182,34,71,262,dem,NA,5.3
1964,May,16,34,182,34,71,262,dem,NA,5.1
1964,June,16,34,182,34,71,262,dem,NA,5.2
1964,July,16,34,182,34,71,262,dem,NA,4.9
1964,August,16,34,182,34,71,262,dem,NA,5
1964,September,16,34,182,34,71,262,dem,NA,5.1
1964,October,16,34,182,34,71,262,dem,NA,5.1
1964,November,16,34,182,34,71,262,dem,NA,4.8
1964,December,16,34,182,34,71,262,dem,NA,5
1965,January,17,32,141,33,69,301,dem,NA,4.9
1965,February,17,32,141,33,69,301,dem,NA,5.1
1965,March,17,32,141,33,69,301,dem,NA,4.7
1965,April,17,32,141,33,69,301,dem,NA,4.8
1965,May,17,32,141,33,69,301,dem,NA,4.6
1965,June,17,32,141,33,69,301,dem,NA,4.6
1965,July,17,32,141,33,69,301,dem,NA,4.4
1965,August,17,32,141,33,69,301,dem,NA,4.4
1965,September,17,32,141,33,69,301,dem,NA,4.3
1965,October,17,32,141,33,69,301,dem,NA,4.2
1965,November,17,32,141,33,69,301,dem,NA,4.1
1965,December,17,32,141,33,69,301,dem,NA,4
1966,January,18,33,141,33,70,301,dem,NA,4
1966,February,18,33,141,33,70,301,dem,NA,3.8
1966,March,18,33,141,33,70,301,dem,NA,3.8
1966,April,18,33,141,33,70,301,dem,NA,3.8
1966,May,18,33,141,33,70,301,dem,NA,3.9
1966,June,18,33,141,33,70,301,dem,NA,3.8
1966,July,18,33,141,33,70,301,dem,NA,3.8
1966,August,18,33,141,33,70,301,dem,NA,3.8
1966,September,18,33,141,33,70,301,dem,NA,3.7
1966,October,18,33,141,33,70,301,dem,NA,3.7
1966,November,18,33,141,33,70,301,dem,NA,3.6
1966,December,18,33,141,33,70,301,dem,NA,3.8
1967,January,25,36,188,27,64,251,dem,NA,3.9
1967,February,25,36,188,27,64,251,dem,NA,3.8
1967,March,25,36,188,27,64,251,dem,NA,3.8
1967,April,25,36,188,27,64,251,dem,NA,3.8
1967,May,25,36,188,27,64,251,dem,NA,3.8
1967,June,25,36,188,27,64,251,dem,NA,3.9
1967,July,25,36,188,27,64,251,dem,NA,3.8
1967,August,25,36,188,27,64,251,dem,NA,3.8
1967,September,25,36,188,27,64,251,dem,NA,3.8
1967,October,25,36,188,27,64,251,dem,NA,4
1967,November,25,36,188,27,64,251,dem,NA,3.9
1967,December,25,36,188,27,64,251,dem,NA,3.8
1968,January,26,39,188,26,65,251,dem,NA,3.7
1968,February,26,39,188,26,65,251,dem,NA,3.8
1968,March,26,39,188,26,65,251,dem,NA,3.7
1968,April,26,39,188,26,65,251,dem,NA,3.5
1968,May,26,39,188,26,65,251,dem,NA,3.5
1968,June,26,39,188,26,65,251,dem,NA,3.7
1968,July,26,39,188,26,65,251,dem,NA,3.7
1968,August,26,39,188,26,65,251,dem,NA,3.5
1968,September,26,39,188,26,65,251,dem,NA,3.4
1968,October,26,39,188,26,65,251,dem,NA,3.4
1968,November,26,39,188,26,65,251,dem,NA,3.4
1968,December,26,39,188,26,65,251,dem,NA,3.4
1969,January,31,43,199,22,57,250,gop,103.010002,3.4
1969,February,31,43,199,22,57,250,gop,98.129997,3.4
1969,March,31,43,199,22,57,250,gop,101.510002,3.4
1969,April,31,43,199,22,57,250,gop,103.690002,3.4
1969,May,31,43,199,22,57,250,gop,103.459999,3.4
1969,June,31,43,199,22,57,250,gop,97.709999,3.5
1969,July,31,43,199,22,57,250,gop,91.830002,3.5
1969,August,31,43,199,22,57,250,gop,95.510002,3.5
1969,September,31,43,199,22,57,250,gop,93.120003,3.7
1969,October,31,43,199,22,57,250,gop,97.120003,3.7
1969,November,31,43,199,22,57,250,gop,93.809998,3.5
1969,December,31,43,199,22,57,250,gop,92.059998,3.5
1970,January,32,43,199,20,58,250,gop,85.019997,3.9
1970,February,32,43,199,20,58,250,gop,89.5,4.2
1970,March,32,43,199,20,58,250,gop,89.629997,4.4
1970,April,32,43,199,20,58,250,gop,81.519997,4.6
1970,May,32,43,199,20,58,250,gop,76.550003,4.8
1970,June,32,43,199,20,58,250,gop,72.720001,4.9
1970,July,32,43,199,20,58,250,gop,78.050003,5
1970,August,32,43,199,20,58,250,gop,81.519997,5.1
1970,September,32,43,199,20,58,250,gop,84.300003,5.4
1970,October,32,43,199,20,58,250,gop,83.25,5.5
1970,November,32,43,199,20,58,250,gop,87.199997,5.9
1970,December,32,43,199,20,58,250,gop,92.150002,6.1
1971,January,21,44,185,30,55,259,gop,95.879997,5.9
1971,February,21,44,185,30,55,259,gop,96.75,5.9
1971,March,21,44,185,30,55,259,gop,100.309998,6
1971,April,21,44,185,30,55,259,gop,103.949997,5.9
1971,May,21,44,185,30,55,259,gop,99.629997,5.9
1971,June,21,44,185,30,55,259,gop,98.699997,5.9
1971,July,21,44,185,30,55,259,gop,95.580002,6
1971,August,21,44,185,30,55,259,gop,99.029999,6.1
1971,September,21,44,185,30,55,259,gop,98.339996,6
1971,October,21,44,185,30,55,259,gop,94.230003,5.8
1971,November,21,44,185,30,55,259,gop,93.989998,6
1971,December,21,44,185,30,55,259,gop,102.089996,6
1972,January,20,44,185,31,57,259,gop,103.940002,5.8
1972,February,20,44,185,31,57,259,gop,106.57,5.7
1972,March,20,44,185,31,57,259,gop,107.199997,5.8
1972,April,20,44,185,31,57,259,gop,107.669998,5.7
1972,May,20,44,185,31,57,259,gop,109.529999,5.7
1972,June,20,44,185,31,57,259,gop,107.139999,5.7
1972,July,20,44,185,31,57,259,gop,107.389999,5.6
1972,August,20,44,185,31,57,259,gop,111.089996,5.6
1972,September,20,44,185,31,57,259,gop,110.550003,5.5
1972,October,20,44,185,31,57,259,gop,111.580002,5.6
1972,November,20,44,185,31,57,259,gop,116.669998,5.3
1972,December,20,44,185,31,57,259,gop,118.050003,5.2
1973,January,19,42,195,32,56,249,gop,116.029999,4.9
1973,February,19,42,195,32,56,249,gop,111.68,5
1973,March,19,42,195,32,56,249,gop,111.519997,4.9
1973,April,19,42,195,32,56,249,gop,106.970001,5
1973,May,19,42,195,32,56,249,gop,104.949997,4.9
1973,June,19,42,195,32,56,249,gop,104.260002,4.9
1973,July,19,42,195,32,56,249,gop,108.220001,4.8
1973,August,20,42,195,32,56,249,gop,104.25,4.8
1973,September,20,42,195,32,56,249,gop,108.43,4.8
1973,October,20,42,195,32,56,249,gop,108.290001,4.6
1973,November,20,42,195,32,56,249,gop,95.959999,4.8
1973,December,20,42,195,32,56,249,gop,97.550003,4.9
1974,January,18,45,195,34,59,249,gop,96.57,5.1
1974,February,18,45,195,34,59,249,gop,96.220001,5.2
1974,March,18,45,195,34,59,249,gop,93.980003,5.1
1974,April,18,45,195,34,59,249,gop,90.309998,5.1
1974,May,18,45,195,34,59,249,gop,87.279999,5.1
1974,June,18,45,195,34,59,249,gop,86,5.4
1974,July,18,45,195,34,59,249,gop,79.309998,5.5
1974,August,18,45,195,34,59,249,dem,72.150002,5.5
1974,September,18,45,195,34,59,249,dem,63.540001,5.9
1974,October,18,45,195,34,59,249,dem,73.900002,6
1974,November,18,45,195,34,59,249,dem,69.970001,6.6
1974,December,18,45,195,34,59,249,dem,68.559998,7.2
1975,January,13,38,148,37,61,295,gop,76.980003,8.1
1975,February,13,38,148,37,61,295,gop,81.589996,8.1
1975,March,13,38,148,37,61,295,gop,83.360001,8.6
1975,April,13,38,148,37,61,295,gop,87.300003,8.8
1975,May,13,38,148,37,61,295,gop,91.150002,9
1975,June,13,38,148,37,61,295,gop,95.190002,8.8
1975,July,13,38,148,37,61,295,gop,88.75,8.6
1975,August,13,38,148,37,61,295,gop,86.879997,8.4
1975,September,13,38,148,37,61,295,gop,83.870003,8.4
1975,October,13,38,148,37,61,295,gop,89.040001,8.4
1975,November,13,38,148,37,61,295,gop,91.239998,8.3
1975,December,13,38,148,37,61,295,gop,90.190002,8.2
1976,January,13,39,148,37,65,295,gop,100.860001,7.9
1976,February,13,39,148,37,65,295,gop,99.709999,7.7
1976,March,13,39,148,37,65,295,gop,102.769997,7.6
1976,April,13,39,148,37,65,295,gop,101.639999,7.7
1976,May,13,39,148,37,65,295,gop,100.18,7.4
1976,June,13,39,148,37,65,295,gop,104.279999,7.6
1976,July,13,39,148,37,65,295,gop,103.440002,7.8
1976,August,13,39,148,37,65,295,gop,102.910004,7.8
1976,September,13,39,148,37,65,295,gop,105.239998,7.6
1976,October,13,39,148,37,65,295,gop,102.900002,7.7
1976,November,13,39,148,37,65,295,gop,102.099998,7.8
1976,December,13,39,148,37,65,295,gop,107.459999,7.8
1977,January,12,38,147,38,62,294,dem,102.029999,7.5
1977,February,12,38,147,38,62,294,dem,99.82,7.6
1977,March,12,38,147,38,62,294,dem,98.419998,7.4
1977,April,12,38,147,38,62,294,dem,98.440002,7.2
1977,May,12,38,147,38,62,294,dem,96.120003,7
1977,June,12,38,147,39,62,294,dem,100.480003,7.2
1977,July,12,38,147,40,62,294,dem,98.849998,6.9
1977,August,12,38,147,40,62,294,dem,96.769997,7
1977,September,12,38,147,40,62,294,dem,96.529999,6.8
1977,October,12,38,147,40,62,294,dem,92.339996,6.8
1977,November,12,38,147,41,62,294,dem,94.830002,6.8
1977,December,12,38,147,41,62,294,dem,95.099998,6.4
1978,January,12,41,147,38,66,294,dem,89.25,6.4
1978,February,12,41,147,38,66,294,dem,87.040001,6.3
1978,March,12,41,147,38,66,294,dem,89.209999,6.3
1978,April,12,41,147,38,66,294,dem,96.830002,6.1
1978,May,12,41,147,38,66,294,dem,97.239998,6
1978,June,12,41,147,38,66,294,dem,95.529999,5.9
1978,July,12,41,147,38,66,294,dem,100.68,6.2
1978,August,12,41,147,39,66,294,dem,103.290001,5.9
1978,September,12,41,147,39,66,294,dem,102.540001,6
1978,October,12,41,147,39,66,294,dem,93.150002,5.8
1978,November,12,41,147,39,66,294,dem,94.699997,5.9
1978,December,12,41,147,39,66,294,dem,96.110001,6
1979,January,19,41,160,32,58,280,dem,99.93,5.9
1979,February,19,41,160,32,58,280,dem,96.279999,5.9
1979,March,19,41,160,32,58,280,dem,101.589996,5.8
1979,April,19,41,160,32,58,280,dem,101.760002,5.8
1979,May,19,41,160,32,58,280,dem,99.080002,5.6
1979,June,19,41,160,32,58,280,dem,102.910004,5.7
1979,July,19,41,160,32,58,280,dem,103.809998,5.7
1979,August,19,41,160,32,58,280,dem,109.32,6
1979,September,19,41,160,32,58,280,dem,109.32,5.9
1979,October,19,41,160,32,58,280,dem,101.82,6
1979,November,19,41,160,32,58,280,dem,106.160004,5.9
1979,December,19,41,160,32,58,280,dem,107.940002,6
1980,January,19,42,160,32,59,280,dem,114.160004,6.3
1980,February,19,42,160,32,59,280,dem,113.660004,6.3
1980,March,20,42,160,31,59,280,dem,102.089996,6.3
1980,April,20,42,160,31,59,280,dem,106.290001,6.9
1980,May,20,42,160,31,59,280,dem,111.239998,7.5
1980,June,20,42,160,31,59,280,dem,114.239998,7.6
1980,July,20,42,160,31,59,280,dem,121.669998,7.8
1980,August,20,42,160,31,59,280,dem,122.379997,7.7
1980,September,20,42,160,31,59,280,dem,125.459999,7.5
1980,October,20,42,160,31,59,280,dem,127.470001,7.5
1980,November,20,42,160,31,59,280,dem,140.520004,7.5
1980,December,20,42,160,31,59,280,dem,135.759995,7.2
1981,January,24,53,196,27,46,246,gop,129.550003,7.5
1981,February,24,53,196,27,46,246,gop,131.270004,7.4
1981,March,24,53,196,27,46,246,gop,136,7.4
1981,April,24,53,196,27,46,246,gop,132.809998,7.2
1981,May,24,53,196,27,46,246,gop,132.589996,7.5
1981,June,24,53,196,27,46,246,gop,131.210007,7.5
1981,July,24,53,196,27,46,246,gop,130.919998,7.2
1981,August,24,53,196,27,46,246,gop,122.790001,7.4
1981,September,24,53,196,27,46,246,gop,116.18,7.6
1981,October,24,53,196,27,46,246,gop,121.889999,7.9
1981,November,24,53,196,27,46,246,gop,126.349998,8.3
1981,December,24,53,196,27,46,246,gop,122.550003,8.5
1982,January,24,54,196,27,47,246,gop,120.400002,8.6
1982,February,24,54,196,27,47,246,gop,113.110001,8.9
1982,March,24,54,196,27,47,246,gop,111.959999,9
1982,April,24,54,196,27,47,246,gop,116.440002,9.3
1982,May,24,54,196,27,47,246,gop,111.879997,9.4
1982,June,24,54,196,27,47,246,gop,109.610001,9.6
1982,July,24,54,196,27,47,246,gop,107.089996,9.8
1982,August,24,54,196,27,47,246,gop,119.510002,9.8
1982,September,24,54,196,27,47,246,gop,120.419998,10.1
1982,October,24,54,196,27,47,246,gop,133.720001,10.4
1982,November,24,54,196,27,47,246,gop,138.529999,10.8
1982,December,24,54,196,27,47,246,gop,140.639999,10.8
1983,January,16,55,168,34,46,272,gop,145.300003,10.4
1983,February,16,55,168,34,46,272,gop,148.059998,10.4
1983,March,16,55,168,34,46,272,gop,152.960007,10.3
1983,April,16,55,168,34,46,271,gop,164.429993,10.2
1983,May,16,55,168,34,46,271,gop,162.389999,10.1
1983,June,16,55,168,34,46,271,gop,167.639999,10.1
1983,July,16,55,168,34,46,272,gop,162.559998,9.4
1983,August,16,55,168,34,46,272,gop,164.399994,9.5
1983,September,16,55,168,34,46,272,gop,166.070007,9.2
1983,October,16,55,168,34,46,272,gop,163.550003,8.8
1983,November,16,55,168,34,46,272,gop,166.399994,8.5
1983,December,16,55,168,34,46,272,gop,164.929993,8.3
1984,January,16,55,168,34,45,271,gop,163.410004,8
1984,February,16,55,168,34,45,271,gop,157.059998,7.8
1984,March,15,55,168,34,45,271,gop,159.179993,7.8
1984,April,15,55,168,34,45,271,gop,160.050003,7.7
1984,May,15,55,168,35,45,271,gop,150.550003,7.4
1984,June,15,55,168,35,45,271,gop,153.179993,7.2
1984,July,15,55,168,35,45,271,gop,150.660004,7.5
1984,August,15,55,168,35,45,271,gop,166.679993,7.5
1984,September,15,55,168,35,45,271,gop,166.100006,7.3
1984,October,15,55,168,35,45,271,gop,166.089996,7.4
1984,November,15,55,168,35,45,271,gop,163.580002,7.2
1984,December,15,55,168,35,45,271,gop,167.240005,7.3
1985,January,16,53,183,34,47,257,gop,179.630005,7.3
1985,February,16,53,183,34,47,257,gop,181.179993,7.2
1985,March,16,53,183,34,47,257,gop,180.660004,7.2
1985,April,16,53,183,34,47,257,gop,179.830002,7.3
1985,May,16,53,183,34,47,257,gop,189.550003,7.2
1985,June,16,53,183,34,47,257,gop,191.850006,7.4
1985,July,16,53,183,34,47,257,gop,190.919998,7.4
1985,August,16,53,183,34,47,257,gop,188.630005,7.1
1985,September,16,53,183,34,47,257,gop,182.080002,7.1
1985,October,16,53,183,34,47,257,gop,189.820007,7.1
1985,November,16,53,183,34,47,257,gop,202.169998,7
1985,December,16,53,183,34,47,257,gop,211.279999,7
1986,January,16,53,183,34,48,257,gop,211.779999,6.7
1986,February,16,53,183,34,48,257,gop,226.919998,7.2
1986,March,16,53,183,34,48,257,gop,238.899994,7.2
1986,April,16,53,183,34,48,257,gop,235.520004,7.1
1986,May,16,53,183,34,48,257,gop,247.350006,7.2
1986,June,16,53,183,34,48,257,gop,250.839996,7.2
1986,July,16,54,183,34,48,257,gop,236.119995,7
1986,August,16,54,183,34,48,257,gop,252.929993,6.9
1986,September,16,54,183,34,48,257,gop,231.320007,7
1986,October,16,54,183,34,48,257,gop,243.979996,7
1986,November,16,54,183,34,48,257,gop,249.220001,6.9
1986,December,16,54,183,34,48,257,gop,242.169998,6.6
1987,January,24,46,179,27,55,262,gop,274.079987,6.6
1987,February,24,46,179,27,55,262,gop,284.200012,6.6
1987,March,24,46,179,27,55,262,gop,291.700012,6.6
1987,April,24,46,179,27,55,262,gop,288.359985,6.3
1987,May,24,46,179,27,55,262,gop,290.100006,6.3
1987,June,24,46,179,27,55,262,gop,304,6.2
1987,July,24,46,179,27,55,262,gop,318.660004,6.1
1987,August,24,46,179,27,55,262,gop,329.799988,6
1987,September,24,46,179,27,55,262,gop,321.829987,5.9
1987,October,24,46,179,27,55,262,gop,251.789993,6
1987,November,24,46,179,27,55,262,gop,230.300003,5.8
1987,December,24,46,179,27,55,262,gop,247.080002,5.7
1988,January,24,46,179,28,54,262,gop,257.070007,5.7
1988,February,24,46,179,28,54,262,gop,267.820007,5.7
1988,March,25,46,179,28,54,262,gop,258.890015,5.7
1988,April,24,46,179,28,54,262,gop,261.329987,5.4
1988,May,24,46,179,28,54,262,gop,262.160004,5.6
1988,June,24,46,179,28,54,262,gop,273.5,5.4
1988,July,24,46,178,28,54,262,gop,272.019989,5.4
1988,August,24,46,178,28,54,262,gop,261.519989,5.6
1988,September,24,46,178,28,54,262,gop,271.910004,5.4
1988,October,24,46,178,28,54,262,gop,278.970001,5.4
1988,November,24,46,179,28,54,262,gop,273.700012,5.3
1988,December,24,46,179,28,54,262,gop,277.720001,5.3
1989,January,23,46,178,29,55,264,gop,297.470001,5.4
1989,February,23,46,178,29,55,264,gop,288.859985,5.2
1989,March,23,46,178,29,55,264,gop,294.869995,5
1989,April,23,46,178,29,55,264,gop,309.640015,5.2
1989,May,23,46,178,29,55,264,gop,320.519989,5.2
1989,June,23,46,178,29,55,262,gop,317.980011,5.3
1989,July,23,46,178,29,55,261,gop,346.079987,5.2
1989,August,23,46,178,29,55,261,gop,351.450012,5.2
1989,September,23,46,178,29,55,261,gop,349.149994,5.3
1989,October,23,46,178,29,55,261,gop,340.359985,5.3
1989,November,23,46,178,29,55,261,gop,345.98999,5.4
1989,December,23,46,178,29,55,261,gop,353.399994,5.4
1990,January,22,46,176,30,55,258,gop,329.079987,5.4
1990,February,22,46,176,30,55,258,gop,331.890015,5.3
1990,March,22,46,176,30,55,258,gop,339.940002,5.2
1990,April,22,46,176,30,55,258,gop,330.799988,5.4
1990,May,22,46,176,30,55,257,gop,361.230011,5.4
1990,June,22,46,176,30,56,257,gop,358.019989,5.2
1990,July,22,46,176,30,56,257,gop,356.149994,5.5
1990,August,22,46,176,30,56,257,gop,322.559998,5.7
1990,September,22,46,176,30,56,257,gop,306.049988,5.9
1990,October,22,46,176,30,56,258,gop,304,5.9
1990,November,22,46,176,30,56,259,gop,322.220001,6.2
1990,December,22,46,176,30,56,259,gop,330.220001,6.3
1991,January,20,45,168,29,57,269,gop,343.929993,6.4
1991,February,20,45,168,29,57,269,gop,367.070007,6.6
1991,March,21,45,166,28,57,269,gop,375.220001,6.8
1991,April,21,45,166,28,57,269,gop,375.339996,6.7
1991,May,21,45,166,28,57,268,gop,389.829987,6.9
1991,June,21,45,166,28,57,268,gop,371.160004,6.9
1991,July,21,45,166,28,57,268,gop,387.809998,6.8
1991,August,21,45,166,29,57,268,gop,395.429993,6.9
1991,September,21,45,166,29,57,268,gop,387.859985,6.9
1991,October,21,45,166,29,57,268,gop,392.450012,7
1991,November,21,45,167,29,57,269,gop,375.220001,7
1991,December,21,45,167,29,57,269,gop,417.089996,7.3
1992,January,20,43,166,27,58,268,gop,408.779999,7.3
1992,February,20,43,166,27,58,268,gop,412.700012,7.4
1992,March,20,43,166,28,58,268,gop,403.690002,7.4
1992,April,20,43,166,28,58,268,gop,414.950012,7.4
1992,May,20,43,166,28,58,268,gop,415.350006,7.6
1992,June,20,43,166,28,58,268,gop,408.140015,7.8
1992,July,20,43,166,28,58,268,gop,424.209991,7.7
1992,August,20,43,166,28,58,268,gop,414.029999,7.6
1992,September,20,43,166,28,58,268,gop,417.799988,7.6
1992,October,20,43,166,28,59,268,gop,418.679993,7.3
1992,November,20,43,166,28,60,270,gop,431.350006,7.4
1992,December,20,43,166,28,60,270,gop,435.709991,7.4
1993,January,18,46,175,30,57,255,dem,438.779999,7.3
1993,February,18,46,175,30,57,255,dem,443.380005,7.1
1993,March,18,46,175,30,57,255,dem,451.670013,7
1993,April,18,46,175,30,57,256,dem,440.190002,7.1
1993,May,17,46,177,31,57,257,dem,450.190002,7.1
1993,June,17,46,178,31,57,258,dem,450.529999,7
1993,July,17,46,178,31,57,258,dem,448.130005,6.9
1993,August,17,46,178,31,57,258,dem,463.559998,6.8
1993,September,17,46,178,31,57,258,dem,458.929993,6.7
1993,October,17,46,178,31,57,258,dem,467.829987,6.8
1993,November,17,46,178,31,57,258,dem,461.790009,6.6
1993,December,17,46,178,31,57,258,dem,466.450012,6.5
1994,January,19,48,178,28,54,257,dem,481.609985,6.6
1994,February,19,48,178,28,54,257,dem,467.140015,6.6
1994,March,19,48,178,28,54,257,dem,445.769989,6.5
1994,April,19,48,178,28,54,256,dem,450.910004,6.4
1994,May,19,48,178,28,54,256,dem,456.5,6.1
1994,June,19,48,178,28,54,256,dem,444.269989,6.1
1994,July,19,48,178,28,54,256,dem,458.26001,6.1
1994,August,19,48,178,28,54,256,dem,475.48999,6
1994,September,19,48,178,28,54,256,dem,462.709991,5.9
1994,October,19,48,178,28,54,256,dem,472.350006,5.8
1994,November,19,48,178,28,54,256,dem,453.690002,5.6
1994,December,19,48,178,28,54,256,dem,459.269989,5.5
1995,January,30,54,235,20,46,199,dem,470.420013,5.6
1995,February,30,54,235,20,46,199,dem,487.390015,5.4
1995,March,30,54,235,20,46,199,dem,500.709991,5.4
1995,April,30,54,235,20,46,199,dem,514.710022,5.8
1995,May,30,54,235,20,46,199,dem,533.400024,5.6
1995,June,30,54,235,20,46,199,dem,544.75,5.6
1995,July,30,54,235,20,46,199,dem,562.059998,5.7
1995,August,30,54,235,20,46,199,dem,561.880005,5.7
1995,September,30,54,235,20,46,199,dem,584.409973,5.6
1995,October,30,54,235,20,46,199,dem,581.5,5.5
1995,November,30,54,235,20,46,199,dem,605.369995,5.6
1995,December,30,54,235,20,46,199,dem,615.929993,5.6
1996,January,31,54,236,19,47,196,dem,636.02002,5.6
1996,February,31,54,236,19,47,196,dem,640.429993,5.5
1996,March,31,54,236,19,47,195,dem,645.5,5.5
1996,April,31,54,236,19,47,196,dem,654.169983,5.6
1996,May,31,54,236,19,47,197,dem,669.119995,5.6
1996,June,31,54,236,19,47,198,dem,670.630005,5.3
1996,July,32,54,235,19,47,198,dem,639.950012,5.5
1996,August,32,54,235,19,47,198,dem,651.98999,5.1
1996,September,32,54,235,19,47,198,dem,687.330017,5.2
1996,October,32,54,235,19,47,198,dem,705.27002,5.2
1996,November,32,55,235,19,47,198,dem,757.02002,5.4
1996,December,32,55,235,19,47,198,dem,740.73999,5.4
1997,January,32,55,227,18,45,207,dem,786.159973,5.3
1997,February,32,55,227,18,45,207,dem,790.820007,5.2
1997,March,32,55,227,18,45,207,dem,757.119995,5.2
1997,April,32,55,227,18,45,207,dem,801.340027,5.1
1997,May,32,55,228,18,45,207,dem,848.280029,4.9
1997,June,32,55,228,18,45,207,dem,885.140015,5
1997,July,32,55,228,18,45,207,dem,954.309998,4.9
1997,August,33,55,228,18,45,207,dem,899.469971,4.8
1997,September,34,55,228,18,45,207,dem,947.280029,4.9
1997,October,34,55,228,18,45,207,dem,914.619995,4.7
1997,November,34,55,229,18,45,207,dem,955.400024,4.6
1997,December,34,55,229,18,45,207,dem,970.429993,4.7
1998,January,32,55,227,18,45,203,dem,980.280029,4.6
1998,February,32,55,227,18,45,203,dem,1049.339966,4.6
1998,March,32,55,227,18,45,204,dem,1101.75,4.7
1998,April,32,55,227,18,45,205,dem,1111.75,4.3
1998,May,32,55,227,18,45,205,dem,1090.819946,4.4
1998,June,32,55,227,18,45,206,dem,1133.839966,4.5
1998,July,32,55,228,18,45,206,dem,1120.670044,4.5
1998,August,32,55,228,18,45,206,dem,957.280029,4.5
1998,September,32,55,228,18,45,206,dem,1017.01001,4.6
1998,October,32,55,228,18,45,206,dem,1098.670044,4.5
1998,November,32,55,228,18,45,206,dem,1163.630005,4.4
1998,December,32,55,228,18,45,206,dem,1229.22998,4.4
1999,January,31,55,223,17,45,210,dem,1279.640015,4.3
1999,February,31,55,223,17,45,210,dem,1238.329956,4.4
1999,March,31,55,222,17,45,210,dem,1286.369995,4.2
1999,April,31,55,222,17,45,210,dem,1335.180054,4.3
1999,May,31,55,222,17,45,210,dem,1301.839966,4.2
1999,June,31,55,223,17,45,210,dem,1372.709961,4.3
1999,July,31,55,223,17,45,210,dem,1328.719971,4.3
1999,August,31,55,223,17,45,210,dem,1320.410034,4.2
1999,September,31,55,223,17,45,210,dem,1282.709961,4.2
1999,October,31,55,223,17,45,210,dem,1362.930054,4.1
1999,November,31,56,223,17,45,211,dem,1388.910034,4.1
1999,December,31,56,223,17,45,211,dem,1469.25,4
2000,January,30,55,223,18,45,210,dem,1394.459961,4
2000,February,30,55,223,18,45,210,dem,1366.420044,4.1
2000,March,30,55,223,18,45,210,dem,1498.579956,4
2000,April,30,55,223,18,45,210,dem,1452.430054,3.8
2000,May,30,55,223,18,45,210,dem,1420.599976,4
2000,June,30,55,223,18,45,210,dem,1454.599976,4
2000,July,30,55,223,18,45,210,dem,1430.829956,4
2000,August,30,55,223,18,46,210,dem,1517.680054,4.1
2000,September,30,55,223,18,46,210,dem,1436.51001,3.9
2000,October,30,55,223,18,46,210,dem,1429.400024,3.9
2000,November,30,55,223,19,46,210,dem,1314.949951,3.9
2000,December,30,55,223,19,46,210,dem,1320.280029,3.9
2001,January,29,49,220,19,50,211,gop,1366.01001,4.2
2001,February,29,49,220,19,50,211,gop,1239.939941,4.2
2001,March,29,49,220,19,50,211,gop,1160.329956,4.3
2001,April,29,49,220,19,50,210,gop,1249.459961,4.4
2001,May,29,49,220,19,50,210,gop,1255.819946,4.3
2001,June,29,49,221,19,50,210,gop,1224.380005,4.5
2001,July,29,49,222,19,50,210,gop,1211.22998,4.6
2001,August,29,49,222,19,50,210,gop,1133.579956,4.9
2001,September,29,49,222,19,50,210,gop,1040.939941,5
2001,October,30,49,222,19,50,210,gop,1059.780029,5.3
2001,November,30,49,223,19,50,211,gop,1139.449951,5.5
2001,December,30,49,223,19,50,211,gop,1148.079956,5.7
2002,January,27,50,221,21,50,211,gop,1130.199951,5.7
2002,February,27,50,221,21,50,211,gop,1106.72998,5.7
2002,March,27,50,222,21,50,211,gop,1147.390015,5.7
2002,April,27,50,222,21,50,211,gop,1076.920044,5.9
2002,May,27,50,222,21,50,211,gop,1067.140015,5.8
2002,June,27,50,222,21,50,211,gop,989.820007,5.8
2002,July,27,50,222,21,50,211,gop,911.619995,5.8
2002,August,27,50,222,21,50,211,gop,916.070007,5.7
2002,September,27,50,222,21,50,211,gop,815.280029,5.7
2002,October,27,50,222,21,50,211,gop,885.76001,5.7
2002,November,27,50,222,21,50,211,gop,936.309998,5.9
2002,December,27,50,222,21,50,211,gop,879.820007,6
2003,January,26,51,231,24,48,203,gop,855.700012,5.8
2003,February,26,51,231,24,48,203,gop,841.150024,5.9
2003,March,26,51,231,24,48,203,gop,848.179993,5.9
2003,April,26,51,231,24,48,203,gop,916.919983,6
2003,May,26,51,231,24,48,203,gop,963.590027,6.1
2003,June,26,51,231,24,48,203,gop,974.5,6.3
2003,July,26,51,231,24,48,203,gop,990.309998,6.2
2003,August,26,51,231,24,48,203,gop,1008.01001,6.1
2003,September,26,51,231,25,48,203,gop,995.969971,6.1
2003,October,26,51,231,25,48,203,gop,1050.709961,6
2003,November,27,51,231,25,48,203,gop,1058.199951,5.8
2003,December,27,51,231,25,48,203,gop,1111.920044,5.7
2004,January,28,51,229,22,48,203,gop,1131.130005,5.7
2004,February,28,51,229,22,48,203,gop,1144.939941,5.6
2004,March,28,51,229,22,48,204,gop,1126.209961,5.8
2004,April,28,51,229,22,48,204,gop,1107.300049,5.6
2004,May,28,51,229,22,48,204,gop,1120.680054,5.6
2004,June,28,51,229,22,48,204,gop,1140.839966,5.6
2004,July,29,51,229,22,48,204,gop,1101.719971,5.5
2004,August,29,51,229,22,48,205,gop,1104.23999,5.4
2004,September,29,51,229,22,48,205,gop,1114.579956,5.4
2004,October,29,51,229,22,48,205,gop,1130.199951,5.5
2004,November,29,51,229,23,48,205,gop,1173.819946,5.4
2004,December,29,51,229,23,48,205,gop,1211.920044,5.4
2005,January,28,54,232,22,45,201,gop,1181.27002,5.3
2005,February,28,54,232,22,45,201,gop,1203.599976,5.4
2005,March,28,54,232,22,45,202,gop,1180.589966,5.2
2005,April,28,54,232,22,45,202,gop,1156.849976,5.2
2005,May,28,54,231,22,45,202,gop,1191.5,5.1
2005,June,28,54,231,22,45,202,gop,1191.329956,5
2005,July,28,54,231,22,45,202,gop,1234.180054,5
2005,August,28,54,231,22,45,202,gop,1220.329956,4.9
2005,September,28,54,232,22,45,202,gop,1228.810059,5
2005,October,28,54,232,22,45,202,gop,1207.01001,5
2005,November,28,54,232,22,45,202,gop,1249.47998,5
2005,December,28,54,232,22,45,202,gop,1248.290039,4.9
2006,January,28,54,231,22,45,201,gop,1280.079956,4.7
2006,February,28,54,231,22,45,201,gop,1280.660034,4.8
2006,March,28,54,231,22,45,201,gop,1294.869995,4.7
2006,April,28,54,231,22,45,201,gop,1310.609985,4.7
2006,May,28,54,231,22,45,201,gop,1270.089966,4.6
2006,June,28,54,231,22,45,201,gop,1270.199951,4.6
2006,July,28,54,231,22,45,201,gop,1276.660034,4.7
2006,August,28,54,231,22,45,201,gop,1303.819946,4.7
2006,September,28,54,231,22,45,201,gop,1335.849976,4.5
2006,October,28,54,231,22,45,201,gop,1377.939941,4.4
2006,November,28,54,232,22,45,202,gop,1400.630005,4.5
2006,December,28,54,232,22,45,202,gop,1418.300049,4.4
2007,January,22,48,201,28,50,233,gop,1438.23999,4.6
2007,February,22,48,201,28,50,233,gop,1406.819946,4.5
2007,March,22,48,201,28,50,233,gop,1420.859985,4.4
2007,April,22,48,201,28,50,233,gop,1482.369995,4.5
2007,May,22,48,201,28,50,232,gop,1530.619995,4.4
2007,June,22,47,201,28,50,232,gop,1503.349976,4.6
2007,July,22,48,201,28,50,232,gop,1455.27002,4.7
2007,August,22,48,202,28,50,232,gop,1473.98999,4.6
2007,September,22,48,202,28,50,233,gop,1526.75,4.7
2007,October,22,48,202,28,50,233,gop,1549.380005,4.7
2007,November,22,48,202,28,50,234,gop,1481.140015,4.7
2007,December,22,48,202,28,50,234,gop,1468.359985,5
2008,January,22,48,198,28,50,231,gop,1378.550049,5
2008,February,22,48,198,28,50,231,gop,1330.630005,4.9
2008,March,22,48,198,28,50,233,gop,1322.699951,5.1
2008,April,22,48,198,28,50,234,gop,1385.589966,5
2008,May,22,48,199,28,50,235,gop,1400.380005,5.4
2008,June,22,48,199,28,50,235,gop,1280,5.6
2008,July,22,48,199,28,50,236,gop,1267.380005,5.8
2008,August,22,48,199,28,50,236,gop,1282.829956,6.1
2008,September,22,48,199,28,50,236,gop,1166.359985,6.1
2008,October,22,48,199,28,50,236,gop,968.75,6.5
2008,November,22,48,199,28,50,236,gop,896.23999,6.8
2008,December,22,48,199,28,50,236,gop,903.25,7.3
2009,January,22,40,179,28,57,254,dem,825.880005,7.8
2009,February,22,40,179,28,57,254,dem,735.090027,8.3
2009,March,22,40,179,28,57,253,dem,797.869995,8.7
2009,April,22,40,179,28,57,254,dem,872.809998,9
2009,May,22,40,179,28,57,255,dem,919.140015,9.4
2009,June,22,40,179,28,57,255,dem,919.320007,9.5
2009,July,22,40,179,28,58,254,dem,987.47998,9.5
2009,August,24,40,179,28,58,255,dem,1020.619995,9.6
2009,September,24,41,179,28,58,255,dem,1057.079956,9.8
2009,October,24,41,179,28,59,255,dem,1036.189941,10
2009,November,24,41,179,28,59,257,dem,1095.630005,9.9
2009,December,24,41,179,28,59,257,dem,1115.099976,9.9
2010,January,24,41,178,26,57,255,dem,1073.869995,9.8
2010,February,24,41,178,26,57,255,dem,1104.48999,9.8
2010,March,24,41,178,26,57,253,dem,1169.430054,9.9
2010,April,24,41,177,26,57,254,dem,1186.689941,9.9
2010,May,24,41,177,26,57,254,dem,1089.410034,9.6
2010,June,24,41,178,26,57,255,dem,1030.709961,9.4
2010,July,24,41,178,26,56,255,dem,1101.599976,9.4
2010,August,24,41,178,26,57,255,dem,1049.329956,9.5
2010,September,24,41,178,26,57,255,dem,1141.199951,9.5
2010,October,24,41,178,26,57,255,dem,1183.26001,9.4
2010,November,24,41,178,27,59,255,dem,1180.550049,9.8
2010,December,24,41,178,27,59,255,dem,1257.640015,9.3
2011,January,29,47,241,21,51,193,dem,1286.119995,9.2
2011,February,29,47,241,21,51,193,dem,1327.219971,9
2011,March,29,47,241,21,51,192,dem,1325.829956,9
2011,April,29,47,241,21,51,192,dem,1363.609985,9.1
2011,May,29,47,240,21,51,192,dem,1345.199951,9
2011,June,29,47,240,21,51,193,dem,1320.640015,9.1
2011,July,29,47,240,21,51,192,dem,1292.280029,9
2011,August,29,47,240,21,51,193,dem,1218.890015,9
2011,September,29,47,242,21,51,193,dem,1131.420044,9
2011,October,29,47,242,21,51,193,dem,1253.300049,8.8
2011,November,29,47,242,21,51,193,dem,1246.959961,8.6
2011,December,29,47,242,21,51,193,dem,1257.599976,8.5
2012,January,29,47,242,21,51,192,dem,1312.410034,8.3
2012,February,29,47,242,21,51,192,dem,1365.680054,8.3
2012,March,29,47,242,21,51,191,dem,1408.469971,8.2
2012,April,29,47,242,21,51,190,dem,1397.910034,8.2
2012,May,29,47,242,21,51,190,dem,1310.329956,8.2
2012,June,29,47,242,21,51,191,dem,1362.160034,8.2
2012,July,29,47,242,21,51,191,dem,1379.319946,8.2
2012,August,29,47,242,21,51,191,dem,1406.579956,8
2012,September,29,47,242,21,51,191,dem,1440.670044,7.8
2012,October,29,47,242,21,51,191,dem,1412.160034,7.8
2012,November,29,47,243,21,51,194,dem,1416.180054,7.7
2012,December,29,47,243,21,51,194,dem,1426.189941,7.9
2013,January,30,45,232,20,53,200,dem,1498.109985,8
2013,February,30,45,232,20,53,200,dem,1514.680054,7.7
2013,March,30,45,232,20,53,200,dem,1569.189941,7.5
2013,April,30,45,232,20,53,201,dem,1597.569946,7.6
2013,May,30,45,233,20,53,201,dem,1630.73999,7.5
2013,June,30,46,234,20,52,201,dem,1606.280029,7.5
2013,July,30,46,234,20,52,201,dem,1685.72998,7.3
2013,August,30,46,234,20,53,201,dem,1632.969971,7.2
2013,September,30,46,234,20,53,201,dem,1681.550049,7.2
2013,October,30,46,234,20,53,201,dem,1756.540039,7.2
2013,November,30,46,234,20,54,201,dem,1805.810059,7
2013,December,30,46,234,20,54,201,dem,1848.359985,6.7
2014,January,29,45,232,21,53,200,dem,1782.589966,6.6
2014,February,29,45,232,21,53,200,dem,1859.449951,6.7
2014,March,29,45,233,21,53,199,dem,1872.339966,6.6
2014,April,29,45,233,21,53,199,dem,1883.949951,6.2
2014,May,29,45,233,21,53,199,dem,1923.569946,6.3
2014,June,29,45,233,21,53,199,dem,1960.22998,6.1
2014,July,29,45,234,21,53,199,dem,1930.670044,6.2
2014,August,29,45,234,21,53,199,dem,2003.369995,6.1
2014,September,29,45,234,21,53,199,dem,1972.290039,5.9
2014,October,29,45,234,21,53,199,dem,2018.050049,5.7
2014,November,29,45,235,21,53,201,dem,2067.560059,5.8
2014,December,29,45,235,21,53,201,dem,2058.899902,5.6
2015,January,31,54,245,18,44,188,dem,1994.98999,5.7
2015,February,31,54,245,18,44,188,dem,2104.5,5.5
2015,March,31,54,245,18,44,188,dem,2067.889893,5.5
2015,April,31,54,244,18,44,188,dem,2085.51001,5.4
2015,May,31,54,245,18,44,188,dem,2107.389893,5.5
2015,June,31,54,246,18,44,188,dem,2063.110107,5.3
